{"cameraMode":{"drawMode":0,"name":"Shaded","section":"Shading Mode"},"sceneLighting":true,"audioPlay":false,"sceneViewState":{"m_AlwaysRefresh":false,"showFog":true,"showSkybox":true,"showFlares":true,"showImageEffects":true,"showParticleSystems":true,"showVisualEffectGraphs":true,"m_FxEnabled":true},"in2DMode":false,"pivot":{"x":-0.16292105615139008,"y":2.9954628944396974,"z":0.9466412663459778},"rotation":{"x":0.23947423696517945,"y":-0.007869529537856579,"z":0.0019403230398893357,"w":0.9709647297859192},"size":4.350295066833496,"orthographic":false}